Zona;CodProv;Year;Population;Populated Area (km2);PM10 population weighted average (ug/m3);PM2.5 population weighted average (ug/m3);PM2.5 premature deaths (ref = 0 ug/m3);PM2.5 premature deaths - lower CI (ref = 0 ug/m3);PM2.5 premature deaths - upper CI (ref = 0 ug/m3);PM2.5 premature deaths (ref = 2.5 ug/m3);PM2.5 years of life lost (ref = 0 ug/m3);PM2.5 years of life lost - lower CI (ref = 0 ug/m3);PM2.5 years of life lost - upper CI (ref = 0 ug/m3);PM2.5 years of life lost (ref = 2.5 ug/m3);NO2 population weighted average (ug/m3);NO2 premature deaths (ref = 20 ug/m3);NO2 premature deaths - lower CI (ref = 20 ug/m3);NO2 premature deaths - upper CI (ref = 20 ug/m3);NO2 premature deaths (ref = 10 ug/m3);NO2 years of life lost (ref = 20 ug/m3);NO2 years of life lost - lower CI (ref = 20 ug/m3);NO2 years of life lost - upper CI (ref = 20 ug/m3);NO2 years of life lost (ref = 10 ug/m3);O3/SOMO35 population weighted average (ug*days/m3);O3/SOMO35 premature deaths;O3/SOMO35 premature deaths - lower CI;O3/SOMO35 premature deaths - upper CI;O3/SOMO10 premature deaths;O3/SOMO35 years of life lost;O3/SOMO35 years of life lost - lower CI;O3/SOMO35 years of life lost - upper CI;O3/SOMO10 years of life lost
A Coruña;15;2014;1074694;3377;18,3;9,3;477;314;626;352;5529;3641;7261;4079;10;0;0;0;68;0;0;0;789;2919,6;20;10;30;0;245;119;363;0
A Coruña;15;2015;1073247;3377;18,9;8,9;486;320;638;351;5247;3455;6891;3796;5,9;0;0;0;43;0;0;1;462;1885,5;14;7;21;0;158;76;233;0
A Coruña;15;2016;1073029;3377;17,9;9,5;503;331;660;373;5649;3722;7415;4191;10,2;4;2;6;129;46;26;66;1453;2665,6;19;9;29;0;225;109;332;0
A Coruña;15;2017;1075060;3377;19,5;10,7;582;384;763;449;6280;4145;8231;4841;10,9;16;9;22;166;169;97;242;1789;2415;18;9;27;0;202;98;299;0
A Coruña;15;2018;1078074;3377;20;9,5;523;345;687;388;5656;3727;7423;4192;11;10;5;14;148;103;59;147;1602;3478,3;26;13;39;0;294;142;435;0
A Coruña;15;2019;1084511;3377;18,7;9,1;505;332;663;368;5454;3592;7163;3979;11,2;1;0;1;135;8;5;12;1463;2869,4;22;11;32;139;244;118;361;1561
Albacete;2;2014;405044;468;17,6;9,5;183;120;240;135;2117;1394;2780;1570;15,2;0;0;0;94;0;0;0;1089;6758,4;18;9;26;0;214;103;316;0
Albacete;2;2015;404498;468;21,3;13,5;276;182;361;227;2978;1970;3896;2446;6,5;0;0;0;0;0;0;0;0;7715,9;22;10;32;0;243;117;359;0
Albacete;2;2016;404416;468;19,5;10,4;207;137;272;158;2327;1534;3054;1781;15,2;10;5;14;100;108;62;154;1121;6193,6;17;8;25;0;196;95;291;0
Albacete;2;2017;405182;468;21,4;11,5;237;156;310;187;2555;1686;3349;2015;16,9;16;9;23;131;174;100;249;1417;7315,5;21;10;30;0;230;111;341;0
Albacete;2;2018;406317;468;19,8;9,3;194;128;254;143;2093;1378;2749;1541;14,7;6;4;9;96;66;38;95;1039;7250,7;21;10;30;0;230;111;341;0
Albacete;2;2019;408744;468;20,6;9,4;197;130;259;145;2128;1401;2794;1573;14;5;3;7;85;53;30;76;922;7025,5;20;10;30;68;224;109;332;757
Alicante/Alacant;3;2014;1812618;1884;18,9;10,5;904;596;1186;695;10480;6908;13749;8051;15,7;0;0;0;450;0;0;0;5218;6906,4;81;39;120;0;977;473;1446;0
Alicante/Alacant;3;2015;1810178;1884;19,3;11,6;1067;704;1398;844;11520;7603;15098;9113;4,1;0;0;0;24;1;0;1;254;7310,9;92;44;136;0;1029;498;1522;0
Alicante/Alacant;3;2016;1809810;1884;17,5;9,5;847;557;1112;628;9512;6264;12492;7053;15,4;40;23;57;461;448;257;641;5178;6262,6;76;37;113;0;888;430;1315;0
Alicante/Alacant;3;2017;1813236;1884;18,3;10;928;611;1218;702;10013;6598;13143;7576;16,9;79;45;112;587;849;487;1213;6333;7184,9;91;44;134;0;1012;490;1498;0
Alicante/Alacant;3;2018;1818318;1884;16;8,7;810;533;1064;580;8753;5759;11505;6273;15,8;51;29;72;497;547;314;783;5372;7476,8;95;46;140;0;1063;514;1572;0
Alicante/Alacant;3;2019;1829176;1884;17,8;9,9;932;614;1223;703;10072;6636;13221;7596;14,3;21;12;30;384;227;130;325;4150;7094,6;91;44;134;309;1014;491;1501;3459
Almería;4;2014;665364;1231;34,5;16,3;504;334;658;430;5842;3875;7622;4981;16,6;0;0;0;196;0;0;0;2266;7855,7;34;16;50;0;408;197;603;0
Almería;4;2015;664468;1231;33,6;18,4;605;402;788;527;6537;4345;8511;5688;2,8;0;0;0;5;0;0;0;49;8509,4;39;19;58;0;439;213;650;0
Almería;4;2016;664333;1231;41,7;17,7;565;375;736;488;6347;4216;8268;5487;14,1;11;6;16;137;126;72;180;1545;7642,8;34;17;51;0;398;192;589;0
Almería;4;2017;665590;1231;38,4;17,1;567;376;738;487;6115;4060;7970;5257;15,1;18;10;25;169;189;108;271;1827;8803,9;41;20;60;0;455;220;673;0
Almería;4;2018;667456;1231;32,1;13,8;466;308;609;384;5036;3332;6586;4154;14;17;10;25;140;188;108;269;1510;8673,5;40;20;60;0;452;219;669;0
Almería;4;2019;671441;1231;40;16,8;566;376;738;486;6121;4063;7980;5249;13;0;0;0;113;1;0;1;1218;8455,7;40;19;59;121;444;215;656;1351
Araba/Álava;1;2014;323249;599;17;10,5;161;106;211;124;1865;1229;2447;1432;17,9;0;0;0;111;0;0;0;1281;3744,9;8;4;12;0;95;46;140;0
Araba/Álava;1;2015;322813;599;16,8;10,5;173;114;227;133;1866;1230;2448;1434;5,8;0;0;0;1;0;0;0;11;4041,5;9;4;13;0;102;49;150;0
Araba/Álava;1;2016;322748;599;14,3;8,1;130;86;171;91;1465;963;1927;1023;19;21;12;30;131;234;134;334;1472;3537,8;8;4;11;0;90;43;133;0
Araba/Álava;1;2017;323359;599;16;8,8;146;96;192;106;1577;1038;2073;1140;19,4;26;15;38;142;283;162;406;1529;3526,9;8;4;12;0;89;43;131;0
Araba/Álava;1;2018;324265;599;16;10,7;178;117;233;137;1923;1268;2522;1486;17,4;8;5;12;114;89;51;128;1235;3966,3;9;4;13;0;101;49;149;0
Araba/Álava;1;2019;326201;599;15,9;9,6;161;106;212;120;1742;1147;2287;1299;17,8;14;8;20;121;149;85;213;1311;4076,5;9;4;14;45;104;50;154;509
Asturias;33;2014;1062437;2345;20,8;10,8;544;359;714;422;6309;4160;8274;4887;15,7;0;0;0;274;0;0;0;3172;3827,2;26;13;39;0;318;154;471;0
Asturias;33;2015;1061007;2345;23;13,6;726;480;949;597;7839;5187;10251;6445;7,6;1;1;2;25;13;8;19;273;2474,3;18;9;27;0;204;99;303;0
Asturias;33;2016;1060791;2345;22,1;11,9;616;407;807;489;6919;4570;9063;5499;16,3;57;33;82;318;644;369;921;3578;1797,3;13;6;19;0;150;72;222;0
Asturias;33;2017;1062799;2345;23,4;12,8;687;454;899;556;7411;4899;9697;6006;17,6;96;55;137;387;1039;597;1483;4173;1497,5;11;5;16;0;124;60;183;0
Asturias;33;2018;1065778;2345;23,4;12,8;689;456;902;558;7450;4925;9748;6031;17,2;78;45;112;376;845;485;1207;4060;2697,5;20;10;30;0;225;109;333;0
Asturias;33;2019;1072142;2345;18,7;10,8;589;388;772;455;6362;4196;8343;4918;16,2;58;33;83;329;626;359;895;3554;2880,9;22;10;32;136;242;117;358;1526
Ávila;5;2014;171747;832;15,3;7,4;61;40;80;41;709;466;932;474;11,3;0;0;0;20;0;0;0;227;5401;6;3;9;0;72;35;107;0
Ávila;5;2015;171516;832;16,2;7,9;70;46;92;48;752;494;989;519;4,2;0;0;0;0;0;0;0;3;6566,2;8;4;12;0;88;42;130;0
Ávila;5;2016;171481;832;15,1;7,3;62;41;81;41;696;457;915;459;11,6;0;0;0;23;0;0;0;264;6173,4;7;3;11;0;83;40;123;0
Ávila;5;2017;171806;832;17,4;8,6;75;50;99;54;812;534;1067;579;11,6;0;0;0;23;0;0;0;253;7004,7;8;4;12;0;94;45;138;0
Ávila;5;2018;172287;832;14,1;6,2;55;36;73;33;595;391;784;357;12,1;0;0;0;27;0;0;0;295;7391;9;4;13;0;100;48;147;0
Ávila;5;2019;173316;832;14,8;5,8;52;34;68;30;560;367;738;319;8,9;0;0;0;6;0;0;0;69;7594,3;9;4;14;29;103;50;152;328
Badajoz;6;2014;698546;861;15,3;8,2;273;180;360;192;3169;2084;4168;2220;9,4;0;0;0;6;0;0;0;70;4044,3;18;9;27;0;221;107;327;0
Badajoz;6;2015;697605;861;17,8;9,1;325;214;427;238;3512;2312;4614;2570;5,8;0;0;0;0;0;0;0;0;6142,5;30;14;44;0;333;161;493;0
Badajoz;6;2016;697463;861;18,2;8,9;307;202;403;222;3444;2267;4526;2493;11,2;0;0;0;59;0;0;0;660;6302,5;30;14;44;0;345;167;510;0
Badajoz;6;2017;698784;861;21,7;10,6;377;249;495;291;4073;2685;5343;3137;13,4;1;1;2;117;12;7;17;1259;6422,6;31;15;46;0;349;169;516;0
Badajoz;6;2018;700742;861;16,2;6,4;233;153;306;143;2514;1651;3312;1546;12,2;0;0;0;88;1;0;1;952;6012,7;29;14;44;0;329;159;488;0
Badajoz;6;2019;704927;861;14,7;5,7;210;138;277;120;2272;1490;2994;1293;10,9;0;0;0;56;0;0;0;603;6195,2;31;15;45;112;341;165;505;1249
Barcelona;8;2014;5497158;2976;21,5;13,2;3399;2247;4448;2773;39397;26041;51562;32146;29,1;2150;1248;3036;4312;24923;14466;35188;49979;5395,1;192;93;285;0;2317;1120;3429;0
Barcelona;8;2015;5489756;2976;25,1;15,9;4372;2898;5707;3713;47215;31299;61626;40101;8,8;544;315;771;1212;5876;3399;8325;13093;5651,4;215;104;319;0;2413;1167;3571;0
Barcelona;8;2016;5488640;2976;22,2;12,9;3463;2289;4533;2813;38914;25717;50937;31609;30,8;2662;1549;3747;4834;29909;17410;42107;54314;4699,2;174;84;257;0;2023;978;2995;0
Barcelona;8;2017;5499031;2976;22,9;14,1;3911;2588;5113;3243;42210;27931;55186;35000;32;3020;1759;4250;5289;32599;18985;45871;57082;4376,3;167;81;248;0;1871;905;2770;0
Barcelona;8;2018;5514444;2976;21,9;13,4;3735;2470;4886;3058;40367;26692;52811;33054;29,8;2527;1468;3565;4820;27312;15864;38533;52093;4883,4;188;91;279;0;2107;1019;3119;0
Barcelona;8;2019;5547372;2976;22,8;14,1;3943;2609;5156;3266;42622;28201;55729;35296;28,8;2357;1367;3330;4635;25470;14770;35993;50101;5063,5;196;95;291;780;2197;1063;3253;8726
Bizkaia;48;2014;1145876;1126;18,6;11,8;638;421;836;506;7393;4880;9688;5869;20,5;77;44;111;510;897;513;1285;5908;3540,2;26;13;39;0;317;153;470;0
Bizkaia;48;2015;1144333;1126;18,3;11,7;679;448;890;539;7337;4843;9615;5816;13,7;81;46;115;268;871;501;1241;2896;2708,4;22;10;32;0;241;117;357;0
Bizkaia;48;2016;1144101;1126;16,5;9,3;525;345;689;386;5894;3881;7743;4338;22,8;233;134;331;642;2613;1505;3718;7213;2697,8;21;10;31;0;242;117;359;0
Bizkaia;48;2017;1146267;1126;18,7;10,5;610;402;800;468;6584;4341;8639;5048;23,3;261;151;372;686;2819;1624;4010;7409;1979,5;16;8;23;0;177;85;262;0
Bizkaia;48;2018;1149480;1126;17,9;12,1;708;468;928;566;7654;5054;10027;6118;19,1;108;62;155;491;1171;671;1673;5305;2950,5;24;11;35;0;266;128;393;0
Bizkaia;48;2019;1156343;1126;17;10,6;629;415;825;485;6800;4484;8920;5242;18,4;76;44;109;456;824;472;1179;4932;2811,3;23;11;34;149;255;123;377;1668
Burgos;9;2014;374263;1585;15,3;9;161;106;211;117;1864;1227;2448;1358;12,7;0;0;0;58;0;0;0;677;4493,5;11;5;16;0;131;64;195;0
Burgos;9;2015;373759;1585;15,6;9;172;113;226;126;1861;1225;2445;1357;5,3;0;0;0;0;0;0;0;2;4573,3;12;6;18;0;133;64;197;0
Burgos;9;2016;373683;1585;13,5;7,6;141;92;185;95;1579;1038;2078;1066;14,2;1;1;2;86;14;8;20;963;4250,7;11;5;16;0;125;60;184;0
Burgos;9;2017;374391;1585;14,2;7;135;89;178;88;1462;961;1925;950;13,4;0;0;0;76;0;0;0;821;4835,9;13;6;19;0;141;68;208;0
Burgos;9;2018;375440;1585;13,5;7,8;151;99;198;103;1627;1070;2140;1112;12,6;0;0;0;66;0;0;0;709;4990,9;13;6;19;0;147;71;217;0
Burgos;9;2019;377682;1585;13,2;6,8;132;87;174;84;1428;938;1880;907;11,8;0;0;0;56;0;0;0;605;5458,1;14;7;21;57;161;78;239;641
Cáceres;10;2014;415041;917;13,7;6,9;137;90;180;88;1586;1042;2088;1017;9;0;0;0;3;0;0;0;30;4113,5;11;5;16;0;133;65;198;0
Cáceres;10;2015;414482;917;15,7;7,6;162;106;213;110;1747;1148;2299;1183;5,4;0;0;0;0;0;0;0;0;5865,9;17;8;25;0;189;91;280;0
Cáceres;10;2016;414398;917;15,5;6,9;142;93;187;91;1594;1047;2099;1022;10;0;0;0;28;0;0;0;318;6245,2;17;8;26;0;203;98;300;0
Cáceres;10;2017;415183;917;19,5;9,3;197;130;259;145;2125;1399;2791;1564;12;1;0;1;54;7;4;11;587;6832,1;20;10;29;0;220;107;326;0
Cáceres;10;2018;416346;917;14,5;5,9;128;84;168;74;1378;904;1816;801;11,4;0;0;0;44;0;0;0;479;6386,8;19;9;27;0;208;101;308;0
Cáceres;10;2019;418833;917;13,7;5,1;110;72;145;56;1192;782;1573;608;10,1;0;0;0;26;0;0;0;279;6323,2;19;9;27;66;207;100;306;744
Cádiz;11;2014;1171305;746;26,3;13,4;739;488;966;606;8562;5661;11202;7020;16,6;28;16;41;333;328;188;470;3855;4979,7;38;18;56;0;456;220;675;0
Cádiz;11;2015;1169728;746;27,6;16,1;941;624;1228;801;10159;6736;13259;8645;7,6;2;1;3;46;22;12;31;496;5838,3;47;23;70;0;531;257;786;0
Cádiz;11;2016;1169490;746;26;13,9;794;525;1038;656;8917;5899;11661;7370;17;44;25;63;365;496;285;707;4100;5381,6;42;20;63;0;493;239;730;0
Cádiz;11;2017;1171704;746;28,1;14,2;835;552;1091;692;9008;5961;11778;7472;18,1;68;39;97;435;738;425;1050;4691;5805,3;47;23;70;0;529;256;782;0
Cádiz;11;2018;1174988;746;22,8;9,7;585;385;768;438;6324;4166;8303;4732;14,8;19;11;27;278;205;117;293;3001;5732,3;47;23;70;0;527;255;780;0
Cádiz;11;2019;1182005;746;22;9,8;592;390;778;444;6402;4217;8405;4801;14,6;13;7;18;263;136;78;195;2846;6121,3;51;24;75;189;566;274;837;2120
Cantabria;39;2014;569575;1546;19,1;11,3;305;201;400;240;3536;2333;4635;2776;14,9;0;0;0;129;0;0;0;1492;4118,9;15;7;23;0;183;89;271;0
Cantabria;39;2015;568808;1546;19,3;12,2;350;231;459;280;3781;2498;4952;3027;8,2;1;1;1;19;10;6;14;204;3078,1;12;6;18;0;136;66;202;0
Cantabria;39;2016;568692;1546;16,2;9,1;255;168;335;186;2861;1883;3759;2086;15,5;20;11;28;152;220;126;315;1712;2468,8;9;5;14;0;110;53;163;0
Cantabria;39;2017;569769;1546;18,2;10,4;302;199;396;231;3260;2149;4277;2496;15,6;27;15;38;164;289;166;412;1769;1752,7;7;3;10;0;78;38;115;0
Cantabria;39;2018;571366;1546;18,5;12,3;356;235;467;286;3851;2544;5044;3089;14,1;10;6;15;127;111;63;159;1372;3214,5;13;6;19;0;144;70;213;0
Cantabria;39;2019;574778;1546;17,1;10,2;301;198;394;229;3249;2141;4262;2472;13,2;1;1;2;102;15;9;22;1099;2960,3;12;6;18;74;133;64;197;832
Castellón/Castelló;12;2014;582572;880;16,7;9,2;256;169;337;188;2970;1955;3901;2183;12,9;0;0;0;76;0;0;0;885;5876,8;22;11;33;0;267;129;396;0
Castellón/Castelló;12;2015;581788;880;18,8;11,1;328;216;430;256;3544;2338;4647;2768;2,4;0;0;0;6;0;0;0;64;6317,7;26;12;38;0;286;138;423;0
Castellón/Castelló;12;2016;581669;880;16,6;9,8;281;185;370;211;3162;2083;4152;2374;12,4;0;0;0;78;0;0;0;874;5834,6;23;11;34;0;266;129;394;0
Castellón/Castelló;12;2017;582771;880;16,6;9,9;295;194;387;222;3182;2097;4178;2399;14,3;4;2;5;125;39;22;56;1349;5580,9;23;11;33;0;253;122;374;0
Castellón/Castelló;12;2018;584404;880;14,5;8,3;248;163;326;174;2684;1765;3529;1885;15,9;17;9;24;165;179;102;256;1784;6479,5;26;13;39;0;296;143;438;0
Castellón/Castelló;12;2019;587894;880;14,7;9,9;297;196;390;223;3211;2115;4215;2415;15,9;12;7;17;166;125;71;179;1791;6493,7;27;13;39;96;298;144;442;1072
Ceuta;51;2014;62979;13;25,9;12,3;37;24;48;29;423;280;555;340;19,1;0;0;0;24;0;0;0;284;5599,2;2;1;3;0;28;13;41;0
Ceuta;51;2015;62894;13;27;14,3;45;30;59;37;487;322;637;405;0;0;0;0;0;0;0;0;0;6028,2;3;1;4;0;29;14;44;0
Ceuta;51;2016;62881;13;26,1;12,1;37;25;49;30;417;276;547;333;20,5;3;2;5;29;36;21;52;326;5769,9;2;1;4;0;28;14;42;0
Ceuta;51;2017;63000;13;26,2;13,8;44;29;57;36;472;312;617;389;22,7;9;5;12;36;93;53;133;389;6210,6;3;1;4;0;30;15;45;0
Ceuta;51;2018;63177;13;24,2;11,1;36;24;47;28;386;255;506;301;14,1;0;0;0;12;0;0;0;135;6029,8;3;1;4;0;30;14;44;0
Ceuta;51;2019;63554;13;20,4;8,7;28;19;37;20;307;202;403;220;17;0;0;0;20;0;0;0;221;5917,9;3;1;4;10;29;14;44;115
Ciudad Real;13;2014;531721;556;18,5;9,7;244;161;321;182;2831;1864;3717;2115;15,2;0;0;0;123;0;0;0;1420;6640,5;23;11;34;0;276;133;408;0
Ciudad Real;13;2015;531005;556;22,8;13,4;359;238;470;295;3879;2565;5075;3181;7,9;0;0;0;1;0;0;0;12;7738,8;29;14;42;0;319;155;472;0
Ciudad Real;13;2016;530897;556;20,6;12,3;320;211;419;257;3596;2375;4710;2887;13,6;0;0;0;93;0;0;0;1040;6525,3;23;11;35;0;272;131;402;0
Ciudad Real;13;2017;531902;556;23;13,6;365;241;477;300;3937;2604;5151;3238;16;4;2;6;151;46;27;67;1628;7426,2;27;13;41;0;307;148;454;0
Ciudad Real;13;2018;533393;556;21,2;10;274;181;360;207;2964;1953;3891;2243;16,3;5;3;8;161;58;33;83;1736;7329;27;13;40;0;306;148;452;0
Ciudad Real;13;2019;536578;556;23,2;11,2;305;201;400;239;3301;2178;4328;2580;14,6;1;1;2;122;12;7;17;1314;7329,6;27;13;41;89;307;149;455;995
Córdoba;14;2014;810185;721;21,4;11,8;452;298;592;359;5239;3458;6865;4162;16;0;0;0;210;0;0;0;2430;6258,7;33;16;49;0;396;192;586;0
Córdoba;14;2015;809095;721;25,8;15,4;624;413;815;526;6736;4464;8797;5685;9,3;0;0;0;17;0;0;0;186;7076,3;40;19;59;0;445;215;659;0
Córdoba;14;2016;808930;721;24,4;14,4;565;374;739;470;6350;4203;8300;5282;16,5;30;17;43;239;337;193;482;2684;6817,7;37;18;55;0;432;209;640;0
Córdoba;14;2017;810462;721;28;15,2;617;409;807;520;6664;4415;8704;5608;18,2;55;31;78;305;592;339;847;3293;8473,4;48;23;71;0;533;258;789;0
Córdoba;14;2018;812733;721;21,6;10,1;419;276;549;317;4523;2981;5937;3424;15,1;5;3;8;201;57;32;82;2170;7482,4;42;21;63;0;475;230;703;0
Córdoba;14;2019;817586;721;23,2;10,8;452;298;593;350;4884;3221;6406;3783;14,4;1;0;1;178;6;4;9;1923;7696,4;44;21;65;139;492;238;728;1550
Cuenca;16;2014;216621;736;16,2;8,3;86;56;113;60;995;654;1308;700;12,7;0;0;0;33;0;0;0;381;6793,8;10;5;14;0;115;56;170;0
Cuenca;16;2015;216329;736;18,4;10;110;73;145;83;1192;786;1564;902;6;0;0;0;0;0;0;0;1;8114,6;12;6;18;0;136;66;202;0
Cuenca;16;2016;216285;736;17,5;10,7;113;75;149;87;1273;840;1670;982;11,9;0;0;0;28;0;0;0;319;6595,5;10;5;14;0;112;54;165;0
Cuenca;16;2017;216694;736;19,6;11,5;126;83;165;99;1358;896;1779;1069;13,6;1;0;1;44;7;4;10;476;6934;10;5;15;0;117;56;173;0
Cuenca;16;2018;217302;736;18,4;9,1;102;67;133;74;1098;723;1442;802;12,9;0;0;0;39;3;2;4;421;7266,3;11;5;16;0;123;60;183;0
Cuenca;16;2019;218599;736;18,6;9,2;103;68;135;76;1115;734;1464;818;12,6;4;2;5;38;39;22;55;413;6971,5;11;5;16;36;119;58;176;399
Eivissa y Formentera;7;2014;127675;245;20,2;10,1;61;40;80;46;706;465;927;535;10,4;0;0;0;5;0;0;0;61;7431,2;6;3;9;0;74;36;110;0
Eivissa y Formentera;7;2015;127503;245;18,3;9;59;39;77;43;636;418;835;463;1,1;0;0;0;0;0;0;0;2;7274,8;6;3;10;0;72;35;107;0
Eivissa y Formentera;7;2016;127477;245;15,6;7;44;29;58;29;497;326;654;321;9,2;0;0;0;6;0;0;0;70;7324,8;6;3;9;0;73;35;108;0
Eivissa y Formentera;7;2017;127718;245;15,5;7,3;48;31;63;32;517;340;681;343;8,9;0;0;0;5;0;0;0;59;7782,2;7;3;10;0;77;37;114;0
Eivissa y Formentera;7;2018;128076;245;16,3;7,2;48;31;63;31;515;339;678;339;8,9;0;0;0;7;0;0;0;73;6828,7;6;3;9;0;68;33;101;0
Eivissa y Formentera;7;2019;128841;245;18,3;8,6;57;37;75;41;614;404;807;438;8,3;0;0;0;5;0;0;0;58;6971,2;6;3;9;22;70;34;104;247
Gipuzkoa;20;2014;695918;796;16,7;9,6;317;209;416;236;3670;2417;4820;2733;17,2;0;0;0;214;0;0;0;2484;3770,8;17;8;25;0;205;99;304;0
Gipuzkoa;20;2015;694981;796;16,9;10;354;233;465;268;3823;2519;5018;2890;5,3;0;0;0;2;0;0;0;23;4111;20;10;29;0;222;107;329;0
Gipuzkoa;20;2016;694840;796;14,2;7,7;267;175;351;182;2999;1971;3945;2045;15,5;5;3;7;176;53;31;77;1978;2950,5;14;7;20;0;161;78;238;0
Gipuzkoa;20;2017;696155;796;15,6;8,3;295;194;388;207;3183;2093;4185;2237;15,5;8;5;12;182;88;50;126;1961;2987,2;14;7;21;0;162;78;240;0
Gipuzkoa;20;2018;698106;796;15,2;10,5;376;248;494;289;4068;2682;5338;3127;14,2;3;2;4;144;30;17;43;1561;3524,8;17;8;25;0;193;93;285;0
Gipuzkoa;20;2019;702275;796;15,8;9,1;328;216;431;239;3542;2331;4653;2586;12,9;0;0;0;108;0;0;0;1164;3616,8;18;9;26;96;199;96;294;1073
Girona;17;2014;736423;2000;18,8;11,4;395;261;518;310;4579;3021;6002;3597;17,8;15;8;21;248;171;98;246;2874;5856,6;28;14;41;0;337;163;499;0
Girona;17;2015;735432;2000;20,2;12;446;295;585;356;4820;3183;6315;3844;5;1;0;1;11;7;4;10;122;6761,1;35;17;51;0;387;187;572;0
Girona;17;2016;735282;2000;16,6;9,7;352;232;462;263;3951;2602;5188;2953;17,7;34;20;49;257;387;222;553;2882;5489,3;27;13;40;0;316;153;468;0
Girona;17;2017;736674;2000;17,1;10,6;396;261;519;305;4274;2818;5606;3287;18,8;65;37;92;303;697;400;995;3270;6042;31;15;46;0;346;167;512;0
Girona;17;2018;738739;2000;16,2;10;377;248;495;284;4074;2684;5347;3074;16,7;24;14;35;237;262;150;374;2560;6463,4;33;16;49;0;373;181;552;0
Girona;17;2019;743150;2000;16,9;10,4;394;260;517;301;4259;2807;5588;3256;15,6;13;8;19;204;143;82;205;2200;6536,3;34;16;50;116;380;184;562;1299
Granada;18;2014;919687;1311;23,9;12,8;553;365;724;448;6406;4233;8386;5190;18,6;21;12;31;345;247;141;354;3997;6746,1;40;19;59;0;484;234;717;0
Granada;18;2015;918449;1311;28,7;17,9;815;542;1062;706;8806;5850;11470;7629;7,3;6;3;8;51;62;35;88;545;7157,6;46;22;68;0;511;247;756;0
Granada;18;2016;918262;1311;27,3;16,6;737;489;961;631;8283;5496;10802;7088;18,2;59;34;84;339;661;380;944;3804;6328;39;19;58;0;455;220;674;0
Granada;18;2017;920000;1311;28,3;16,4;755;501;985;645;8153;5409;10634;6964;19,6;94;54;134;406;1013;582;1445;4380;8323,9;53;26;79;0;595;288;880;0
Granada;18;2018;922579;1311;25,2;12,6;590;390;772;476;6376;4213;8347;5147;17,9;69;39;98;344;741;425;1058;3717;7953,9;51;25;76;0;573;277;848;0
Granada;18;2019;928088;1311;28,9;14,9;696;461;909;583;7524;4984;9828;6305;17,7;74;43;106;338;805;462;1148;3649;7980,2;52;25;77;161;579;280;856;1803
Guadalajara;19;2014;255819;907;16,2;8;97;64;128;67;1130;743;1486;782;15;0;0;0;62;0;0;0;720;6411,8;11;5;16;0;128;62;190;0
Guadalajara;19;2015;255475;907;17,4;8,4;110;72;144;78;1186;780;1559;839;7,4;0;0;0;4;2;1;3;42;7368,8;13;6;19;0;146;71;216;0
Guadalajara;19;2016;255423;907;17,1;10,5;132;87;173;101;1478;975;1939;1133;17,8;15;9;21;94;168;96;241;1060;6749,4;12;6;17;0;135;65;200;0
Guadalajara;19;2017;255907;907;18,9;11,4;148;97;193;116;1593;1051;2087;1251;18,4;20;12;29;105;221;127;316;1131;7216,7;13;6;19;0;143;69;212;0
Guadalajara;19;2018;256624;907;18,1;10,2;133;88;175;101;1441;950;1891;1095;16,2;5;3;7;81;55;32;79;880;7151,3;13;6;19;0;143;69;212;0
Guadalajara;19;2019;258156;907;18,2;9,3;124;81;162;91;1335;879;1753;984;12,7;0;0;0;43;3;2;4;470;7376,2;13;6;20;42;149;72;220;470
Huelva;21;2014;521929;554;21,3;11,6;286;189;375;226;3317;2189;4347;2622;12,3;0;0;0;56;0;0;0;649;5143,2;17;8;26;0;210;101;310;0
Huelva;21;2015;521227;554;23,5;13,1;345;228;452;281;3727;2464;4876;3040;5,3;0;0;0;5;0;0;0;55;6601,6;24;12;35;0;268;129;396;0
Huelva;21;2016;521121;554;22;11,6;297;196;390;235;3341;2205;4378;2642;12,7;0;0;0;74;0;0;0;829;6399,3;22;11;33;0;261;126;387;0
Huelva;21;2017;522107;554;26,9;12,4;327;216;428;263;3530;2332;4623;2838;15,8;8;4;11;144;83;47;119;1551;6455;23;11;35;0;262;127;388;0
Huelva;21;2018;523571;554;19;7,2;194;127;255;127;2093;1375;2755;1373;12,8;0;0;0;80;2;1;3;862;6385,9;23;11;35;0;261;126;387;0
Huelva;21;2019;526697;554;18,1;7,5;203;133;266;136;2189;1439;2880;1465;12,8;0;0;0;80;0;0;0;865;6031,7;22;11;33;84;248;120;368;941
Huesca;22;2014;226294;1061;16,1;8,7;94;62;123;67;1084;713;1425;777;12,2;0;0;0;30;0;0;0;352;5141,1;8;4;11;0;91;44;135;0
Huesca;22;2015;225990;1061;17,2;9,9;114;75;149;86;1228;809;1612;925;8,3;0;0;0;1;0;0;0;13;5766,1;9;4;13;0;101;49;150;0
Huesca;22;2016;225944;1061;14,2;7,9;88;58;116;61;994;654;1307;684;12,5;0;0;0;34;0;0;0;379;4805;7;4;11;0;85;41;126;0
Huesca;22;2017;226372;1061;15,3;9;104;68;137;76;1121;738;1473;815;11,5;0;0;0;26;0;0;0;283;4777,5;8;4;11;0;84;41;124;0
Huesca;22;2018;227006;1061;14,5;8;93;61;122;64;1005;661;1322;694;11,2;0;0;0;24;0;0;0;258;5147,9;8;4;12;0;91;44;135;0
Huesca;22;2019;228362;1061;15,4;8,2;97;64;127;68;1045;687;1374;732;11,8;0;0;0;30;0;0;0;325;5879,5;9;5;14;35;105;51;155;387
Jaén;23;2014;674105;685;20,4;11,1;353;233;463;275;4090;2698;5363;3190;17,1;0;0;0;207;0;0;0;2402;7010,1;31;15;45;0;369;178;546;0
Jaén;23;2015;673197;685;26,1;16,2;543;360;709;462;5865;3889;7654;4994;8,5;0;0;0;14;0;0;0;156;8097,6;38;18;56;0;424;205;627;0
Jaén;23;2016;673060;685;24;14,6;478;317;625;399;5375;3559;7025;4489;15,5;11;7;16;169;128;73;183;1901;7192,9;33;16;48;0;379;184;561;0
Jaén;23;2017;674335;685;25,6;14,9;504;334;659;423;5442;3604;7110;4562;17,5;22;13;31;232;238;136;339;2499;9047,8;42;21;63;0;474;229;701;0
Jaén;23;2018;676225;685;21,8;10,7;370;244;486;286;4001;2638;5249;3090;15,2;6;3;8;168;61;35;87;1812;7984,1;38;18;56;0;422;204;624;0
Jaén;23;2019;680263;685;25,3;12,8;441;291;578;357;4768;3151;6242;3863;14,2;2;1;3;138;23;13;32;1486;7942,3;38;18;56;118;422;204;625;1316
La Rioja;26;2014;324831;521;17,3;10,3;159;105;209;121;1842;1214;2418;1407;14,7;0;0;0;69;0;0;0;796;3858,5;8;4;12;0;98;47;145;0
La Rioja;26;2015;324394;521;16,8;10,3;171;112;224;130;1841;1214;2416;1407;8,9;0;0;0;6;0;0;0;65;4440,9;10;5;15;0;112;54;166;0
La Rioja;26;2016;324328;521;14,5;8,4;135;89;178;96;1519;999;1996;1075;13,9;3;2;4;63;34;19;49;708;2551,3;6;3;8;0;65;31;96;0
La Rioja;26;2017;324942;521;16;9,3;154;101;202;113;1663;1095;2184;1224;16,3;15;9;21;98;161;92;230;1056;3434,4;8;4;11;0;87;42;129;0
La Rioja;26;2018;325853;521;16,5;10,2;171;113;224;130;1845;1216;2421;1405;15,8;13;7;18;92;138;79;197;991;4233,2;10;5;14;0;108;52;160;0
La Rioja;26;2019;327798;521;16,8;9,3;156;103;205;115;1688;1111;2217;1242;14,5;4;3;6;74;48;28;69;798;4549,8;10;5;15;47;117;56;173;521
León;24;2014;496393;2313;13,3;6,4;153;101;202;95;1778;1167;2342;1096;11,5;0;0;0;62;0;0;0;718;4636,4;15;7;22;0;180;87;266;0
León;24;2015;495725;2313;14,9;7,9;200;131;263;137;2158;1419;2838;1484;6,1;0;0;0;1;0;0;0;11;5041,4;17;8;26;0;194;94;288;0
León;24;2016;495624;2313;12,3;6,4;158;103;207;96;1770;1162;2331;1084;12,2;0;0;1;79;4;2;6;892;4752,6;16;8;23;0;185;89;273;0
León;24;2017;496562;2313;13,3;7,1;182;120;240;119;1966;1292;2588;1287;11,8;0;0;0;73;0;0;0;785;5164,7;18;9;26;0;199;96;295;0
León;24;2018;497954;2313;13;7,8;201;132;264;138;2169;1426;2853;1487;12,1;0;0;0;81;0;0;0;879;4711;16;8;24;0;184;89;272;0
León;24;2019;500928;2313;12,3;7,3;188;123;247;124;2031;1335;2672;1341;12;0;0;0;75;0;0;0;813;5266,7;18;9;27;74;206;100;305;823
Lleida;25;2014;441261;1431;17,5;9,7;203;134;266;151;2350;1548;3086;1756;14,8;0;0;0;99;1;0;1;1144;5350,9;15;7;23;0;184;89;273;0
Lleida;25;2015;440667;1431;19,5;11,8;264;174;346;210;2849;1881;3732;2264;8,9;0;0;0;13;3;2;4;139;5778,8;18;9;26;0;198;96;293;0
Lleida;25;2016;440577;1431;16;9,6;209;138;275;156;2354;1550;3090;1756;16,5;11;6;15;132;120;69;172;1488;4578,1;14;7;20;0;158;76;234;0
Lleida;25;2017;441411;1431;17,1;10,5;236;156;310;182;2551;1682;3347;1960;16,6;13;7;19;137;141;81;202;1476;4990,2;15;7;23;0;171;83;254;0
Lleida;25;2018;442648;1431;17,3;9,8;223;147;293;167;2409;1587;3163;1810;15,6;8;5;12;121;87;50;125;1313;5219,2;16;8;24;0;181;87;267;0
Lleida;25;2019;445292;1431;17,6;10,5;240;158;314;184;2589;1707;3396;1988;15,3;8;5;11;117;87;50;124;1261;6021,1;19;9;28;67;210;101;310;749
Lugo;27;2014;344483;2693;14,7;8,2;134;88;176;94;1555;1023;2045;1087;9,9;0;0;0;27;0;0;0;316;3212,2;7;3;11;0;87;42;128;0
Lugo;27;2015;344019;2693;15,6;7,9;138;91;182;95;1492;982;1963;1024;4,4;0;0;0;0;0;0;0;2;3316,8;8;4;12;0;89;43;131;0
Lugo;27;2016;343949;2693;13,8;7,5;128;84;169;86;1441;947;1896;968;9,5;0;0;0;33;0;0;0;376;3090,7;7;3;11;0;83;40;124;0
Lugo;27;2017;344600;2693;15,4;9,2;163;107;213;119;1754;1155;2303;1289;9,7;0;0;0;40;0;0;0;428;2999,9;7;3;11;0;80;39;119;0
Lugo;27;2018;345566;2693;14,9;8,9;158;104;208;114;1708;1124;2243;1237;9,1;0;0;0;28;0;0;0;301;3620,6;9;4;13;0;98;47;145;0
Lugo;27;2019;347630;2693;13,9;7,7;138;91;182;94;1496;984;1967;1019;9,1;0;0;0;24;0;0;0;259;3389,7;8;4;12;46;92;45;137;517
Madrid;28;2014;6484670;1895;19;9,6;2944;1939;3866;2190;34125;22472;44815;25383;27,5;2148;1243;3041;4678;24892;14404;35252;54218;6069,5;255;123;378;0;3073;1487;4549;0
Madrid;28;2015;6475939;1895;20,2;10,8;3564;2350;4674;2762;38484;25379;50474;29832;22,9;1538;891;2178;3765;16613;9617;23519;40660;6640,4;299;144;442;0;3343;1617;4947;0
Madrid;28;2016;6474622;1895;20,5;11,2;3567;2354;4677;2793;40084;26445;52552;31379;32,2;3506;2039;4940;6080;39395;22914;55505;68316;5942,1;259;125;383;0;3016;1459;4464;0
Madrid;28;2017;6486880;1895;23,5;13;4254;2812;5567;3460;45913;30347;60088;37348;35,1;4418;2576;6208;7070;47678;27803;67002;76306;6130,5;276;134;409;0;3091;1495;4574;0
Madrid;28;2018;6505062;1895;19,9;9,5;3169;2087;4161;2352;34250;22558;44975;25422;30;3047;1767;4306;5757;32934;19099;46539;62221;6578,1;299;145;442;0;3345;1618;4951;0
Madrid;28;2019;6543905;1895;17,8;8,7;2941;1935;3865;2115;31785;20915;41773;22863;29,1;2930;1699;4141;5536;31667;18361;44758;59832;6258,5;286;138;424;984;3202;1549;4739;11014
Málaga;29;2014;1538758;1369;26;13,3;963;636;1260;788;11158;7376;14601;9130;17,8;41;23;59;514;474;271;679;5961;6417,7;64;31;95;0;771;373;1141;0
Málaga;29;2015;1536687;1369;27,9;16,5;1264;838;1649;1080;13647;9052;17804;11662;1,9;1;1;2;22;13;7;18;238;7135,7;76;37;113;0;852;412;1261;0
Málaga;29;2016;1536374;1369;25,5;14,3;1073;710;1402;892;12052;7976;15754;10025;19,9;179;103;254;672;2009;1158;2858;7549;6160;64;31;94;0;742;359;1098;0
Málaga;29;2017;1539283;1369;26,5;14,5;1124;744;1470;938;12135;8033;15860;10121;21,1;240;139;341;776;2592;1496;3682;8371;7788,2;83;40;123;0;931;451;1378;0
Málaga;29;2018;1543597;1369;23;11,1;872;575;1143;679;9419;6213;12351;7344;17,1;89;51;127;513;960;551;1371;5543;7073,2;76;37;113;0;853;413;1263;0
Málaga;29;2019;1552814;1369;23,1;10,9;863;569;1132;670;9330;6153;12237;7240;17,4;92;53;132;535;999;573;1426;5788;7318,7;79;38;117;265;888;430;1314;2970
Mallorca;7;2014;830016;830;19,9;9,9;389;256;511;293;4513;2973;5925;3396;12,4;0;0;0;97;0;0;0;1120;6437;35;17;51;0;417;202;617;0
Mallorca;7;2015;828899;830;18,8;9,7;411;271;539;307;4436;2922;5824;3321;5,9;1;0;1;50;7;4;10;541;6378,6;37;18;54;0;411;199;608;0
Mallorca;7;2016;828730;830;16,2;7,7;317;209;418;216;3566;2344;4692;2428;14,5;52;30;74;205;579;332;827;2309;6072;34;16;50;0;394;191;584;0
Mallorca;7;2017;830299;830;17;9;383;252;503;279;4131;2719;5427;3009;14,3;58;33;82;216;621;356;888;2333;6388,7;37;18;55;0;412;199;610;0
Mallorca;7;2018;832627;830;18;9,2;393;259;517;289;4252;2799;5585;3120;17,6;89;51;127;298;965;555;1376;3220;5465,7;32;15;47;0;356;172;527;0
Mallorca;7;2019;837598;830;19,2;10,2;436;287;572;331;4710;3104;6182;3578;14,7;29;17;42;203;318;182;455;2197;6054,3;35;17;52;137;397;192;587;1528
Melilla;52;2014;78252;11;23,7;11,5;43;28;56;34;494;326;648;390;14,7;0;0;0;16;0;0;0;184;6143,5;3;2;5;0;38;18;56;0
Melilla;52;2015;78147;11;24,4;12,9;51;34;67;41;550;364;720;447;0;0;0;0;0;0;0;0;0;5860,6;3;2;5;0;36;17;53;0
Melilla;52;2016;78131;11;23,5;12,5;48;32;63;39;539;356;706;435;13,8;0;0;0;13;0;0;0;152;6072,9;3;2;5;0;37;18;55;0
Melilla;52;2017;78279;11;23,2;12,6;50;33;65;40;539;356;705;435;13;0;0;0;12;0;0;0;127;7076,3;4;2;6;0;43;21;64;0
Melilla;52;2018;78498;11;28;14,2;56;37;74;47;610;404;798;506;21,9;10;6;15;42;112;64;161;459;4821,8;3;1;4;0;30;14;44;0
Melilla;52;2019;78967;11;24;11,7;47;31;61;37;507;334;664;401;16,5;0;0;0;23;0;0;0;254;5478,4;3;1;4;12;34;16;50;137
Menorca;7;2014;89230;102;21,3;10;42;28;56;32;492;324;646;372;10,1;0;0;0;2;0;0;0;23;6652,6;4;2;6;0;46;22;69;0
Menorca;7;2015;89110;102;18,9;9,3;42;28;56;31;458;302;602;338;1,7;0;0;0;0;0;0;0;0;6586,4;4;2;6;0;46;22;68;0
Menorca;7;2016;89092;102;16,6;7,4;33;21;43;22;367;241;483;244;8,7;0;0;0;3;0;0;0;33;6466,6;4;2;6;0;45;22;67;0
Menorca;7;2017;89260;102;16,6;7,6;35;23;46;24;376;247;495;255;8,5;0;0;0;3;0;0;0;28;5230,6;3;2;5;0;36;18;54;0
Menorca;7;2018;89511;102;17,6;8,8;40;27;53;29;437;288;575;315;8,1;0;0;0;1;0;0;0;14;5484,8;3;2;5;0;38;19;57;0
Menorca;7;2019;90045;102;17,9;8,9;41;27;54;30;445;293;585;322;7,1;0;0;0;0;0;0;0;2;6153,2;4;2;6;14;43;21;64;162
Murcia;30;2014;1466205;1339;22,7;12,3;849;560;1112;681;9836;6496;12884;7892;18,1;9;5;13;510;105;60;151;5913;6347,2;60;29;89;0;727;351;1075;0
Murcia;30;2015;1464231;1339;22,8;14;1031;682;1348;853;11129;7362;14553;9209;7,8;15;8;21;73;158;91;225;784;6341,3;64;31;95;0;722;349;1068;0
Murcia;30;2016;1463933;1339;21,9;12,1;869;574;1139;695;9767;6449;12795;7810;17,4;53;30;76;484;597;342;853;5443;6087;60;29;89;0;699;338;1034;0
Murcia;30;2017;1466704;1339;21,6;11,9;888;586;1163;707;9583;6326;12556;7634;18,8;91;53;131;593;987;567;1409;6395;7480;76;37;113;0;852;412;1261;0
Murcia;30;2018;1470815;1339;20,1;10,2;764;504;1003;580;8260;5443;10841;6272;15,9;35;20;50;412;374;215;535;4449;7650,9;79;38;116;0;879;426;1301;0
Murcia;30;2019;1479598;1339;21,6;11,6;874;577;1146;691;9447;6235;12383;7464;14,5;20;11;28;322;215;123;308;3477;6983,9;72;35;107;249;808;391;1195;2789
Navarra;31;2014;642628;1317;16,3;9,3;284;187;373;209;3287;2164;4318;2420;15,5;0;0;0;159;0;0;0;1840;3805,5;16;8;23;0;191;92;283;0
Navarra;31;2015;641763;1317;16,7;10,2;331;218;435;252;3578;2358;4696;2717;8;0;0;0;10;2;1;2;106;4624,6;21;10;31;0;231;112;342;0
Navarra;31;2016;641633;1317;13,9;7,5;238;156;313;159;2671;1755;3515;1788;14,2;7;4;10;138;81;46;116;1550;3406,8;15;7;22;0;172;83;254;0
Navarra;31;2017;642847;1317;15,6;8,7;284;187;374;204;3070;2020;4035;2199;15,1;12;7;17;166;126;72;180;1793;3387,2;15;7;22;0;169;82;251;0
Navarra;31;2018;644649;1317;15,2;9,7;322;212;423;241;3479;2292;4567;2605;13,3;2;1;3;120;22;13;32;1298;3839,8;17;8;26;0;194;94;287;0
Navarra;31;2019;648499;1317;15,1;8,1;272;179;358;190;2941;1934;3868;2054;14;6;3;8;140;63;36;90;1517;4330,2;20;9;29;92;220;106;325;1026
Ourense;32;2014;329999;2140;13,1;6,9;109;71;143;70;1259;827;1658;807;10,1;0;0;0;26;0;0;0;302;3316,6;7;3;11;0;86;41;127;0
Ourense;32;2015;329555;2140;15,1;7,7;129;85;170;88;1396;918;1836;947;4,7;0;0;0;1;0;0;0;9;4045,9;9;4;14;0;104;50;154;0
Ourense;32;2016;329488;2140;13,5;7,2;118;77;155;77;1324;870;1742;870;11;1;1;2;47;12;7;17;532;3916;9;4;13;0;101;49;150;0
Ourense;32;2017;330111;2140;15,5;8;134;88;177;93;1450;954;1906;1001;11,8;4;2;6;59;43;25;61;633;3895,4;9;4;13;0;100;48;148;0
Ourense;32;2018;331037;2140;13,5;8,1;138;91;182;96;1495;984;1965;1042;10,7;0;0;0;45;0;0;0;486;4003,2;9;4;14;0;104;50;154;0
Ourense;32;2019;333013;2140;12,7;6,8;117;77;154;74;1262;829;1661;803;11,3;1;1;1;48;10;6;15;522;3246;8;4;11;42;85;41;125;472
Palencia;34;2014;169773;752;14,3;7,6;62;41;81;42;718;472;945;486;11,4;0;0;0;18;0;0;0;214;4668,2;5;2;8;0;62;30;92;0
Palencia;34;2015;169544;752;15,1;8,2;71;47;93;50;766;504;1007;536;6,7;0;0;0;0;0;0;0;0;5200,6;6;3;9;0;69;33;102;0
Palencia;34;2016;169510;752;12,7;6,5;55;36;72;34;614;403;809;380;11,3;0;0;0;19;0;0;0;212;4561,1;5;3;8;0;61;29;90;0
Palencia;34;2017;169830;752;13,7;6,9;60;40;80;39;652;428;858;419;10,3;0;0;0;13;0;0;0;145;5536,8;7;3;10;0;73;35;108;0
Palencia;34;2018;170306;752;12,1;7,3;64;42;84;42;691;454;910;457;10,1;0;0;0;13;0;0;0;145;5354,2;6;3;9;0;71;34;106;0
Palencia;34;2019;171323;752;12,9;6,8;60;40;79;38;652;428;858;415;10;0;0;0;13;0;0;0;143;5927,9;7;3;11;27;79;38;118;298
Pontevedra;36;2014;912357;1933;15,9;8,1;352;231;463;245;4078;2681;5363;2837;12,8;0;0;0;129;0;0;0;1490;2917,6;17;8;26;0;208;101;308;0
Pontevedra;36;2015;911128;1933;18,6;9,9;457;301;599;343;4932;3250;6473;3708;9,5;5;3;7;98;53;31;76;1059;2705,7;17;8;25;0;192;93;284;0
Pontevedra;36;2016;910943;1933;17,2;8,7;391;257;514;280;4392;2890;5772;3149;15;58;33;83;235;651;374;929;2646;2859,5;18;8;26;0;204;99;303;0
Pontevedra;36;2017;912668;1933;18,6;7,8;364;240;479;249;3932;2586;5172;2689;17,5;108;62;153;333;1163;671;1653;3595;2580,1;16;8;24;0;183;89;271;0
Pontevedra;36;2018;915226;1933;17,6;9;422;278;554;306;4558;3002;5986;3312;14,7;54;31;77;235;586;337;837;2538;3543,3;23;11;34;0;254;123;376;0
Pontevedra;36;2019;920691;1933;16,9;8,4;398;262;524;282;4306;2833;5661;3048;13,7;22;13;32;189;241;138;345;2038;2351,4;15;7;22;103;170;82;251;1154
Salamanca;37;2014;351097;1283;12,3;6;102;67;134;60;1178;773;1553;695;10,2;0;0;0;22;0;0;0;251;4852,4;11;5;16;0;133;64;197;0
Salamanca;37;2015;350625;1283;15,3;7,9;141;93;186;97;1528;1004;2009;1051;6,8;0;0;0;1;0;0;1;13;6462;16;8;23;0;176;85;261;0
Salamanca;37;2016;350553;1283;14,4;7,1;123;81;162;80;1385;910;1824;902;11,3;0;0;0;48;0;0;0;541;5691,3;13;6;20;0;156;76;232;0
Salamanca;37;2017;351217;1283;18,2;9,5;169;112;222;126;1829;1204;2401;1355;11,3;0;0;0;49;3;2;5;524;6718,2;16;8;24;0;183;89;271;0
Salamanca;37;2018;352202;1283;14,4;7,2;130;85;171;85;1405;923;1849;920;12,3;0;0;1;57;4;2;6;619;6427;16;8;23;0;177;86;262;0
Salamanca;37;2019;354305;1283;13,7;5,9;108;71;142;62;1163;763;1532;671;11,2;0;0;0;42;0;0;0;458;6301,8;16;8;23;56;175;84;258;622
Segovia;40;2014;165111;772;15,3;7,6;60;39;79;40;695;456;914;469;12,4;0;0;0;26;0;0;0;297;5762,1;6;3;9;0;74;36;110;0
Segovia;40;2015;164888;772;15,3;7,4;63;41;82;42;675;444;889;450;5,1;0;0;0;1;0;0;0;14;6952,2;8;4;12;0;89;43;132;0
Segovia;40;2016;164855;772;13,7;6,8;56;37;74;36;630;414;830;403;11,7;0;0;0;22;0;0;0;251;6656,6;7;4;11;0;86;42;127;0
Segovia;40;2017;165167;772;15,3;7,5;63;42;84;43;685;450;901;460;10,9;0;0;0;17;0;0;0;184;7028,6;8;4;12;0;90;44;133;0
Segovia;40;2018;165630;772;12,9;5,8;50;33;66;29;541;355;713;312;12,4;0;0;0;28;0;0;0;299;7312;8;4;13;0;95;46;140;0
Segovia;40;2019;166619;772;13,4;5,8;50;33;66;28;539;353;710;307;8,7;0;0;0;6;0;0;0;66;7503,9;9;4;13;28;98;47;145;311
Sevilla;41;2014;1953454;888;23,9;13,5;1236;817;1617;1014;14328;9474;18746;11757;17,4;57;33;82;613;665;380;953;7105;5408,1;69;33;101;0;825;399;1221;0
Sevilla;41;2015;1950824;888;27,6;17,3;1678;1114;2187;1446;18122;12030;23622;15614;12,5;19;11;27;277;201;115;287;2993;6727,6;91;44;135;0;1020;494;1510;0
Sevilla;41;2016;1950427;888;26,5;15,4;1458;966;1904;1231;16386;10857;21397;13829;18,6;143;82;204;739;1609;923;2297;8300;6392,1;84;41;124;0;977;473;1446;0
Sevilla;41;2017;1954120;888;30,7;15,2;1494;990;1951;1258;16123;10681;21058;13578;21,5;280;161;399;1015;3022;1738;4306;10956;7104,8;96;47;143;0;1079;522;1596;0
Sevilla;41;2018;1959597;888;23,6;9,8;986;649;1294;740;10654;7019;13986;7999;17,9;106;61;152;716;1147;657;1640;7736;6417,7;88;43;130;0;983;476;1455;0
Sevilla;41;2019;1971298;888;20,9;9,6;970;639;1274;723;10485;6905;13769;7811;17,3;84;48;120;662;908;520;1300;7151;6791,2;94;45;138;321;1047;506;1549;3587
Soria;42;2014;94528;610;14,1;7,5;34;22;45;23;395;260;520;266;11,2;0;0;0;11;0;0;0;126;5268,2;3;2;5;0;39;19;58;0
Soria;42;2015;94401;610;14,5;7,5;36;24;48;24;392;258;516;264;5,4;0;0;0;0;0;0;0;0;6088;4;2;6;0;45;22;66;0
Soria;42;2016;94382;610;12,2;7;33;22;43;21;371;244;488;241;11,2;0;0;0;12;0;0;0;136;5334,3;3;2;5;0;39;19;58;0
Soria;42;2017;94561;610;13,4;7,3;36;23;47;24;384;252;505;255;11,3;0;0;0;13;0;0;0;140;5417,1;4;2;5;0;40;19;59;0
Soria;42;2018;94826;610;12,1;6,6;33;21;43;20;352;231;464;221;10,7;0;0;0;11;0;0;0;117;5725,1;4;2;6;0;42;21;63;0
Soria;42;2019;95392;610;14;6,5;32;21;43;20;349;229;460;217;9,1;0;0;0;6;0;0;0;63;6510,7;4;2;6;15;49;23;72;170
Tarragona;43;2014;788868;1095;18,5;10,1;377;249;495;286;4375;2883;5743;3315;15,8;0;0;0;197;0;0;0;2283;5545,6;28;14;42;0;342;165;506;0
Tarragona;43;2015;787806;1095;20,6;12;478;316;627;382;5166;3411;6768;4121;5,1;1;0;1;31;9;5;13;336;6001,8;33;16;49;0;368;178;544;0
Tarragona;43;2016;787646;1095;17;9,7;377;248;495;282;4235;2789;5561;3166;16,4;24;14;34;228;265;152;379;2566;5011,2;27;13;39;0;310;150;458;0
Tarragona;43;2017;789137;1095;17,8;10,5;421;278;553;323;4547;2997;5965;3489;17,2;34;19;48;263;364;209;520;2834;5704,6;31;15;46;0;350;169;518;0
Tarragona;43;2018;791349;1095;16,9;9;364;240;479;265;3939;2592;5175;2861;15,8;19;11;28;217;210;120;300;2345;5581,9;31;15;46;0;345;167;511;0
Tarragona;43;2019;796074;1095;16,8;10,3;419;276;550;320;4530;2986;5945;3455;14,3;10;6;14;169;106;60;152;1830;6117,9;34;16;50;124;381;184;564;1386
Teruel;44;2014;142879;676;14;7,3;50;33;66;33;582;382;765;387;11;0;0;0;15;0;0;0;168;6249,9;6;3;9;0;70;34;103;0
Teruel;44;2015;142686;676;15,5;8,2;60;39;79;42;645;424;848;452;4,2;0;0;0;0;0;0;0;0;6694,1;7;3;10;0;74;36;110;0
Teruel;44;2016;142657;676;13,8;7,7;54;36;71;37;610;401;803;414;10,2;0;0;0;11;0;0;0;120;6444,4;6;3;9;0;72;35;107;0
Teruel;44;2017;142927;676;14,3;7,9;58;38;76;40;623;410;819;428;9,8;0;0;0;9;0;0;0;101;6234,3;6;3;9;0;69;33;102;0
Teruel;44;2018;143328;676;12,6;7,1;53;35;69;34;569;374;749;372;9,3;0;0;0;7;0;0;0;79;6443,8;6;3;10;0;72;35;107;0
Teruel;44;2019;144184;676;13,4;7,3;54;36;72;36;589;387;775;391;8,8;0;0;0;6;0;0;0;61;7024,4;7;3;10;24;79;38;117;267
Toledo;45;2014;709208;1158;18,9;9,5;322;212;422;239;3728;2455;4896;2772;15,6;0;0;0;174;0;0;0;2019;5854;27;13;40;0;324;157;480;0
Toledo;45;2015;708253;1158;19,8;10,6;383;252;502;295;4135;2726;5425;3188;9,3;0;0;0;26;3;2;4;276;7124,7;35;17;52;0;392;190;580;0
Toledo;45;2016;708109;1158;19,1;11,2;388;256;509;304;4364;2879;5722;3412;15,4;6;3;9;175;68;39;97;1969;6121,9;29;14;43;0;340;164;503;0
Toledo;45;2017;709450;1158;21,7;12,9;463;306;606;376;4999;3304;6543;4062;18,6;36;21;52;281;393;225;562;3037;7299,2;36;17;53;0;402;195;595;0
Toledo;45;2018;711438;1158;18,8;9,4;344;227;452;255;3718;2448;4883;2752;16,6;11;6;16;223;117;67;168;2411;7380,2;37;18;54;0;410;199;607;0
Toledo;45;2019;715686;1158;19,4;9,3;343;226;451;253;3707;2441;4869;2735;14,1;4;2;6;145;44;25;64;1564;7156,2;36;17;53;116;400;194;592;1298
Valencia/València;46;2014;2569813;1571;17,9;10,3;1253;826;1645;956;14527;9574;19065;11078;18,1;186;106;265;883;2150;1233;3073;10229;5935,6;99;48;146;0;1191;576;1763;0
Valencia/València;46;2015;2566353;1571;21,1;13,5;1741;1151;2278;1428;18802;12433;24597;15426;8,4;136;78;193;385;1464;844;2081;4155;5617,9;100;48;148;0;1121;542;1659;0
Valencia/València;46;2016;2565831;1571;18,9;10,8;1366;901;1791;1058;15345;10120;20126;11887;18,7;373;215;529;1002;4188;2417;5947;11259;5335,5;92;45;136;0;1073;519;1589;0
Valencia/València;46;2017;2570689;1571;19,3;10,9;1425;940;1869;1107;15385;10148;20175;11948;22,3;575;333;814;1414;6202;3590;8781;15257;5666,8;101;49;150;0;1132;548;1676;0
Valencia/València;46;2018;2577894;1571;18,2;10,2;1345;886;1764;1022;14532;9580;19067;11048;19,9;377;217;535;1167;4071;2348;5785;12611;6224,9;112;54;166;0;1255;607;1857;0
Valencia/València;46;2019;2593287;1571;18,1;10,7;1420;936;1862;1096;15344;10119;20124;11850;19;284;163;405;1070;3068;1764;4373;11569;5919,1;107;52;159;406;1200;581;1777;4545
Valladolid;47;2014;537010;763;14,6;7,5;192;126;253;129;2229;1464;2933;1496;13,2;0;0;0;82;0;0;0;945;4898,6;17;8;25;0;206;99;304;0
Valladolid;47;2015;536287;763;17;9,6;263;173;345;196;2835;1868;3723;2113;7,3;0;0;0;3;2;1;2;27;5672,5;21;10;31;0;237;114;350;0
Valladolid;47;2016;536177;763;15,9;8,2;217;143;285;152;2437;1603;3204;1703;13,9;1;1;2;108;16;9;23;1210;5229,9;19;9;28;0;220;106;326;0
Valladolid;47;2017;537193;763;18,5;9,8;268;176;352;201;2891;1905;3794;2168;13,2;1;1;2;97;16;9;23;1051;6238,8;23;11;34;0;260;126;385;0
Valladolid;47;2018;538698;763;17;9,4;259;171;341;192;2804;1847;3682;2072;15,3;10;6;14;144;107;61;153;1552;5960,1;22;11;33;0;251;121;372;0
Valladolid;47;2019;541915;763;14,1;7,3;204;134;269;135;2207;1450;2904;1462;13,6;3;2;5;112;37;21;53;1207;6327,7;24;12;35;85;268;130;397;954
Zamora;49;2014;192120;1121;12,2;6,1;57;37;75;34;657;431;866;393;9,1;0;0;0;8;0;0;0;98;4871,6;6;3;9;0;73;35;108;0
Zamora;49;2015;191861;1121;14,1;7,3;72;47;95;48;780;513;1026;518;7,1;0;0;0;1;0;0;0;15;5707,4;8;4;11;0;85;41;126;0
Zamora;49;2016;191822;1121;12,3;6,1;59;39;77;35;660;433;870;394;8,4;0;0;0;7;0;0;0;83;5048,9;7;3;10;0;76;37;112;0
Zamora;49;2017;192185;1121;14,4;7,2;71;46;93;46;762;501;1003;499;8;0;0;0;6;0;0;0;66;5967,1;8;4;12;0;89;43;132;0
Zamora;49;2018;192724;1121;12,1;6,3;63;41;82;38;676;444;890;409;9,5;0;0;0;16;0;0;0;171;5527,2;7;4;11;0;83;40;123;0
Zamora;49;2019;193875;1121;11,9;5,8;59;38;77;34;633;416;835;364;9,1;0;0;0;13;0;0;0;141;5934,1;8;4;12;30;90;44;133;333
Zaragoza;50;2014;981331;947;17,5;9,5;445;293;585;331;5161;3399;6778;3838;19,3;80;46;114;392;926;530;1326;4546;4379,8;28;13;41;0;336;162;497;0
Zaragoza;50;2015;980009;947;19,6;11,3;560;369;734;439;6042;3987;7921;4736;10,3;5;3;7;53;56;32;80;576;3756,2;26;12;38;0;286;139;424;0
Zaragoza;50;2016;979810;947;18,2;10,1;488;321;640;370;5480;3611;7192;4154;20;146;84;209;439;1644;945;2343;4930;3310,9;22;11;32;0;255;123;377;0
Zaragoza;50;2017;981665;947;19,4;11,2;557;367;730;435;6007;3963;7875;4696;20,9;172;99;245;489;1854;1066;2642;5277;3360,9;23;11;34;0;257;124;380;0
Zaragoza;50;2018;984416;947;18,4;9,3;472;311;620;348;5102;3360;6701;3765;18,2;100;58;143;389;1085;622;1550;4209;4993,9;34;17;51;0;385;186;569;0
Zaragoza;50;2019;990295;948;15,9;7,4;378;248;497;252;4085;2684;5376;2724;18,5;98;56;139;397;1054;605;1506;4292;5245,5;36;18;54;144;406;197;601;1616
